ABBEY,Sars-1,Dog
ABBIE,Sars-2,Dog
ABBY,Sars-3,Dog
ABEL,Sars-4,Dog
ABIGAIL,Sars-5,Dog
ACE,Sars-6,Dog
ADAM,Sars-7,Dog
ADDIE,Sars-8,Dog
ADMIRAL,Sars-9,Dog
AGGIE,Sars-10,Dog
AIRES,Sars-11,Dog
AJ,Sars-12,Dog
AJAX,Sars-13,Dog
ALDO,Sars-14,Dog
ALEX,Sars-15,Dog
ALEXUS,Sars-16,Dog
ALF,Sars-17,Dog
ALFIE,Sars-18,Dog
ALLIE,Sars-19,Dog
ALLY,Sars-20,Dog
AMBER,Sars-21,Dog
AMIE,Sars-22,Dog
AMIGO,Sars-23,Dog
AMOS,Sars-24,Dog
AMY,Sars-25,Dog
ANDY,Sars-26,Dog
ANGEL,Sars-27,Dog
ANGUS,Sars-28,Dog
ANNIE,Sars-29,Dog
APOLLO,Sars-30,Dog
APRIL,Sars-31,Dog
ARCHIE,Sars-32,Dog
ARGUS,Sars-33,Dog
ARIES,Sars-34,Dog
ARMANTI,Sars-35,Dog
ARNIE,Sars-36,Dog
ARROW,Sars-37,Dog
ASHES,Sars-38,Dog
ASHLEY,Sars-39,Dog
ASTRO,Sars-40,Dog
ATHENA,Sars-41,Dog
ATLAS,Sars-42,Dog
AUDI,Sars-43,Dog
AUGIE,Sars-44,Dog
AUSSIE,Sars-45,Dog
AUSTIN,Sars-46,Dog
AUTUMN,Sars-47,Dog
AXEL,Sars-48,Dog
AXLE,Sars-49,Dog
BABBLES,Sars-50,Dog
BABE,Sars-51,Dog
BABY,Sars-52,Dog
BABY-DOLL,Sars-53,Dog
BABYKINS,Sars-54,Dog
BACCHUS,Sars-55,Dog
BAILEY,Sars-56,Dog
BAM-BAM,Sars-57,Dog
BAMBI,Sars-58,Dog
BANDIT,Sars-59,Dog
BANJO,Sars-60,Dog
BARBIE,Sars-61,Dog
BARCLAY,Sars-62,Dog
BARKER,Sars-63,Dog
BARKLEY,Sars-64,Dog
BARLEY,Sars-65,Dog
BARNABY,Sars-66,Dog
BARNEY,Sars-67,Dog
BARON,Sars-68,Dog
BART,Sars-69,Dog
BASIL,Sars-70,Dog
BAXTER,Sars-71,Dog
BB,Sars-72,Dog
BEAMER,Sars-73,Dog
BEANIE,Sars-74,Dog
BEANS,Sars-75,Dog
BEAR,Sars-76,Dog
BEAU,Sars-77,Dog
BEAUTY,Sars-78,Dog
BEAUX,Sars-79,Dog
BEBE,Sars-80,Dog
BEETLE,Sars-81,Dog
BELLA,Sars-82,Dog
BELLE,Sars-83,Dog
BEN,Sars-84,Dog
BENJI,Sars-85,Dog
BENNY,Sars-86,Dog
BENSON,Sars-87,Dog
BENTLEY,Sars-88,Dog
BERNIE,Sars-89,Dog
BESSIE,Sars-90,Dog
BIABLO,Sars-91,Dog
BIBBLES,Sars-92,Dog
BIG BOY,Sars-93,Dog
BIG FOOT,Sars-94,Dog
BIGGIE,Sars-95,Dog
BILLIE,Sars-96,Dog
BILLY,Sars-97,Dog
BINGO,Sars-98,Dog
BINKY,Sars-99,Dog
BIRDIE,Sars-100,Dog
BIRDY,Sars-101,Dog
BISCUIT,Sars-102,Dog
BISHOP,Sars-103,Dog
BITS,Sars-104,Dog
BITSY,Sars-105,Dog
BIZZY,Sars-106,Dog
BJ,Sars-107,Dog
BLACKIE,Sars-108,Dog
BLACK-JACK,Sars-109,Dog
BLANCHE,Sars-110,Dog
BLAST,Sars-111,Dog
BLAZE,Sars-112,Dog
BLONDIE,Sars-113,Dog
BLOSSOM,Sars-114,Dog
BLUE,Sars-115,Dog
BO,Sars-116,Dog
BO,Sars-117,Dog
BOB,Sars-118,Dog
BOBBIE,Sars-119,Dog
BOBBY,Sars-120,Dog
BOBO,Sars-121,Dog
BODIE,Sars-122,Dog
BOGEY,Sars-123,Dog
BONES,Sars-124,Dog
BONGO,Sars-125,Dog
BONNIE,Sars-126,Dog
BOO,Sars-127,Dog
BOO-BOO,Sars-128,Dog
BOOKER,Sars-129,Dog
BOOMER,Sars-130,Dog
BOONE,Sars-131,Dog
BOOSTER,Sars-132,Dog
BOOTIE,Sars-133,Dog
BOOTS,Sars-134,Dog
BOOZER,Sars-135,Dog
BORIS,Sars-136,Dog
BOSCO,Sars-137,Dog
BOSLEY,Sars-138,Dog
BOSS,Sars-139,Dog
BOY,Sars-140,Dog
BOZLEY,Sars-141,Dog
BRADLEY,Sars-142,Dog
BRADY,Sars-143,Dog
BRAGGS,Sars-144,Dog
BRANDI,Sars-145,Dog
BRANDO,Sars-146,Dog
BRANDY,Sars-147,Dog
BRIDGETT,Sars-148,Dog
BRIDGETTE,Sars-149,Dog
BRIE,Sars-150,Dog
BRINDLE,Sars-151,Dog
BRIT,Sars-152,Dog
BRITTANY,Sars-153,Dog
BRODIE,Sars-154,Dog
BROOK,Sars-155,Dog
BROOKE,Sars-156,Dog
BROWNIE,Sars-157,Dog
BRUISER,Sars-158,Dog
BRUNO,Sars-159,Dog
BRUTUS,Sars-160,Dog
BUBBA,Sars-161,Dog
BUBBLES,Sars-162,Dog
BUCK,Sars-163,Dog
BUCKEYE,Sars-164,Dog
BUCKO,Sars-165,Dog
BUCKY,Sars-166,Dog
BUD,Sars-167,Dog
BUDDA,Sars-168,Dog
BUDDIE,Sars-169,Dog
BUDDY,Sars-170,Dog
BUDDY BOY,Sars-171,Dog
BUFFIE,Sars-172,Dog
BUFFY,Sars-173,Dog
BUG,Sars-174,Dog
BUGSEY,Sars-175,Dog
BUGSY,Sars-176,Dog
BULLET,Sars-177,Dog
BULLWINKLE,Sars-178,Dog
BULLY,Sars-179,Dog
BUMPER,Sars-180,Dog
BUNKY,Sars-181,Dog
BUSTER,Sars-182,Dog
BUSTER-BROWN,Sars-183,Dog
BUTCH,Sars-184,Dog
BUTCHY,Sars-185,Dog
BUTTER,Sars-186,Dog
BUTTERBALL,Sars-187,Dog
BUTTERCUP,Sars-188,Dog
BUTTERSCOTCH,Sars-189,Dog
BUTTONS,Sars-190,Dog
BUZZY,Sars-191,Dog
CAESAR,Sars-192,Dog
CALI,Sars-193,Dog
CALLIE,Sars-194,Dog
CALVIN,Sars-195,Dog
CAMEO,Sars-196,Dog
CAMILLE,Sars-197,Dog
CANDY,Sars-198,Dog
CAPONE,Sars-199,Dog
CAPTAIN,Sars-200,Dog
CARLEY,Sars-201,Cat
CASEY,Sars-202,Cat
CASPER,Sars-203,Cat
CASSIE,Sars-204,Cat
CASSIS,Sars-205,Cat
CHA CHA,Sars-206,Cat
CHAD,Sars-207,Cat
CHAMBERLAIN,Sars-208,Cat
CHAMP,Sars-209,Cat
CHANCE,Sars-210,Cat
CHANEL,Sars-211,Cat
CHAOS,Sars-212,Cat
CHARISMA,Sars-213,Cat
CHARLES,Sars-214,Cat
CHARLIE,Sars-215,Cat
CHARLIE BROWN,Sars-216,Cat
CHARMER,Sars-217,Cat
CHASE,Sars-218,Cat
CHAUNCEY,Sars-219,Cat
CHAZ,Sars-220,Cat
CHECKERS,Sars-221,Cat
CHELSEA,Sars-222,Cat
CHEROKEE,Sars-223,Cat
CHESSIE,Sars-224,Cat
CHESTER,Sars-225,Cat
CHEVY,Sars-226,Cat
CHEWIE,Sars-227,Cat
CHEWY,Sars-228,Cat
CHEYENNE,Sars-229,Cat
CHI CHI,Sars-230,Cat
CHIC,Sars-231,Cat
CHICO,Sars-232,Cat
CHIEF,Sars-233,Cat
CHILI,Sars-234,Cat
CHINA,Sars-235,Cat
CHIP,Sars-236,Cat
CHIPPER,Sars-237,Cat
CHIPPY,Sars-238,Cat
CHIPS,Sars-239,Cat
CHIQUITA,Sars-240,Cat
CHIVAS,Sars-241,Cat
CHLOE,Sars-242,Cat
CHOCOLATE,Sars-243,Cat
CHRISSY,Sars-244,Cat
CHUBBS,Sars-245,Cat
CHUCKY,Sars-246,Cat
CHYNA,Sars-247,Cat
CINDER,Sars-248,Cat
CINDY,Sars-249,Cat
CINNAMON,Sars-250,Cat
CISCO,Sars-251,Cat
CLAIRE,Sars-252,Cat
CLANCY,Sars-253,Cat
CLEO,Sars-254,Cat
CLEOPATRA,Sars-255,Cat
CLICKER,Sars-256,Cat
CLIFFORD,Sars-257,Cat
CLOVER,Sars-258,Cat
CLYDE,Sars-259,Cat
COAL,Sars-260,Cat
COBWEB,Sars-261,Cat
COCO,Sars-262,Cat
COCOA,Sars-263,Cat
COCONUT,Sars-264,Cat
CODI,Sars-265,Cat
CODY,Sars-266,Cat
COLE,Sars-267,Cat
COMET,Sars-268,Cat
COMMANDO,Sars-269,Cat
CONAN,Sars-270,Cat
CONNOR,Sars-271,Cat
COOKIE,Sars-272,Cat
COOPER,Sars-273,Cat
COPPER,Sars-274,Cat
CORKY,Sars-275,Cat
COSMO,Sars-276,Cat
COTTON,Sars-277,Cat
COZMO,Sars-278,Cat
CRACKERS,Sars-279,Cat
CRICKET,Sars-280,Cat
CRYSTAL,Sars-281,Cat
CUBBY,Sars-282,Cat
CUBS,Sars-283,Cat
CUJO,Sars-284,Cat
CUPCAKE,Sars-285,Cat
CURLY,Sars-286,Cat
CURRY,Sars-287,Cat
CUTIE,Sars-288,Cat
CUTIE-PIE,Sars-289,Cat
CYRUS,Sars-290,Cat
DAFFY,Sars-291,Cat
DAISEY-MAE,Sars-292,Cat
DAISY,Sars-293,Cat
DAKOTA,Sars-294,Cat
DALLAS,Sars-295,Cat
DANDY,Sars-296,Cat
DANTE,Sars-297,Cat
DAPHNE,Sars-298,Cat
DARBY,Sars-299,Cat
DARCY,Sars-300,Cat
DARWIN,Sars-301,Cat
DASH,Sars-302,Cat
DAVE,Sars-303,Cat
DEACON,Sars-304,Cat
DEE,Sars-305,Cat
DEE DEE,Sars-306,Cat
DEMPSEY,Sars-307,Cat
DESTINI,Sars-308,Cat
DEWEY,Sars-309,Cat
DEXTER,Sars-310,Cat
DHARMA,Sars-311,Cat
DIAMOND,Sars-312,Cat
DICKENS,Sars-313,Cat
DIEGO,Sars-314,Cat
DIESEL,Sars-315,Cat
DIGGER,Sars-316,Cat
DILLON,Sars-317,Cat
DINKY,Sars-318,Cat
DINO,Sars-319,Cat
DIVA,Sars-320,Cat
DIXIE,Sars-321,Cat
DOBIE,Sars-322,Cat
DOC,Sars-323,Cat
DODGER,Sars-324,Cat
DOGGONâ€™,Sars-325,Cat
DOLLY,Sars-326,Cat
DOMINO,Sars-327,Cat
DOODLES,Sars-328,Cat
DOOGIE,Sars-329,Cat
DOTS,Sars-330,Cat
DOTTIE,Sars-331,Cat
DOZER,Sars-332,Cat
DRAGSTER,Sars-333,Cat
DREAMER,Sars-334,Cat
DUCHESS,Sars-335,Cat
DUDE,Sars-336,Cat
DUDLEY,Sars-337,Cat
DUFFY,Sars-338,Cat
DUKE,Sars-339,Cat
DUNCAN,Sars-340,Cat
DUNN,Sars-341,Cat
DUSTY,Sars-342,Cat
DUTCHES,Sars-343,Cat
DUTCHESS,Sars-344,Cat
DYLAN,Sars-345,Cat
EARL,Sars-346,Cat
EBONY,Sars-347,Cat
ECHO,Sars-348,Cat
EDDIE,Sars-349,Cat
EDDY,Sars-350,Cat
EDGAR,Sars-351,Cat
EDSEL,Sars-352,Cat
EIFEL,Sars-353,Cat
EINSTEIN,Sars-354,Cat
ELLIE,Sars-355,Cat
ELLIOT,Sars-356,Cat
ELMO,Sars-357,Cat
ELVIS,Sars-358,Cat
ELWOOD,Sars-359,Cat
EMBER,Sars-360,Cat
EMILY,Sars-361,Cat
EMMA,Sars-362,Cat
EMMY,Sars-363,Cat
ERIN,Sars-364,Cat
ERNIE,Sars-365,Cat
EVA,Sars-366,Cat
FAITH,Sars-367,Cat
FANCY,Sars-368,Cat
FELIX,Sars-369,Cat
FERGIE,Sars-370,Cat
FERRIS,Sars-371,Cat
FIDO,Sars-372,Cat
FIFI,Sars-373,Cat
FIGARO,Sars-374,Cat
FINNEGAN,Sars-375,Cat
FIONA,Sars-376,Cat
FLAKE,Sars-377,Cat
FLAKEY,Sars-378,Cat
FLASH,Sars-379,Cat
FLINT,Sars-380,Cat
FLOPSY,Sars-381,Cat
FLOWER,Sars-382,Cat
FLOYD,Sars-383,Cat
FLUFFY,Sars-384,Cat
FONZIE,Sars-385,Cat
FOXY,Sars-386,Cat
FRANCAIS,Sars-387,Cat
FRANKIE,Sars-388,Cat
FRANKY,Sars-389,Cat
FRECKLES,Sars-390,Cat
FRED,Sars-391,Cat
FREDDIE,Sars-392,Cat
FREDDY,Sars-393,Cat
FREEDOM,Sars-394,Cat
FREEWAY,Sars-395,Cat
FRESIER,Sars-396,Cat
FRIDAY,Sars-397,Cat
FRISCO,Sars-398,Cat
FRISKY,Sars-399,Cat
FRITZ,Sars-400,Cat
FRODO,Sars-401,Rabbit
FROSTY,Sars-402,Rabbit
FURBALL,Sars-403,Rabbit
FUZZY,Sars-404,Rabbit
GABBY,Sars-405,Rabbit
GABRIELLA,Sars-406,Rabbit
GARFIELD,Sars-407,Rabbit
GASBY,Sars-408,Rabbit
GATOR,Sars-409,Rabbit
GAVIN,Sars-410,Rabbit
GENIE,Sars-411,Rabbit
GEORGE,Sars-412,Rabbit
GEORGIA,Sars-413,Rabbit
GEORGIE,Sars-414,Rabbit
GIANT,Sars-415,Rabbit
GIBSON,Sars-416,Rabbit
GIDGET,Sars-417,Rabbit
GIGI,Sars-418,Rabbit
GILBERT,Sars-419,Rabbit
GILDA,Sars-420,Rabbit
GINGER,Sars-421,Rabbit
GINNY,Sars-422,Rabbit
GIRL,Sars-423,Rabbit
GIZMO,Sars-424,Rabbit
GODIVA,Sars-425,Rabbit
GOLDIE,Sars-426,Rabbit
GOOBER,Sars-427,Rabbit
GOOSE,Sars-428,Rabbit
GORDON,Sars-429,Rabbit
GRACE,Sars-430,Rabbit
GRACE,Sars-431,Rabbit
GRACIE,Sars-432,Rabbit
GRACIE,Sars-433,Rabbit
GRADY,Sars-434,Rabbit
GREENIE,Sars-435,Rabbit
GRETA,Sars-436,Rabbit
GRETCHEN,Sars-437,Rabbit
GRETEL,Sars-438,Rabbit
GRETTA,Sars-439,Rabbit
GRIFFEN,Sars-440,Rabbit
GRINGO,Sars-441,Rabbit
GRIZZLY,Sars-442,Rabbit
GROMIT,Sars-443,Rabbit
GROVER,Sars-444,Rabbit
GUCCI,Sars-445,Rabbit
GUIDO,Sars-446,Rabbit
GUINNESS,Sars-447,Rabbit
GUNNER,Sars-448,Rabbit
GUNTHER,Sars-449,Rabbit
GUS,Sars-450,Rabbit
GUY,Sars-451,Rabbit
GYPSY,Sars-452,Rabbit
HAILEY,Sars-453,Rabbit
HALEY,Sars-454,Rabbit
HALLIE,Sars-455,Rabbit
HAMLET,Sars-456,Rabbit
HAMMER,Sars-457,Rabbit
HANK,Sars-458,Rabbit
HANNA,Sars-459,Rabbit
HANNAH,Sars-460,Rabbit
HANS,Sars-461,Rabbit
HAPPYT,Sars-462,Rabbit
HARDY,Sars-463,Rabbit
HARLEY,Sars-464,Rabbit
HARPO,Sars-465,Rabbit
HARRISON,Sars-466,Rabbit
HARRY,Sars-467,Rabbit
HARVEY,Sars-468,Rabbit
HEATHER,Sars-469,Rabbit
HEIDI,Sars-470,Rabbit
HENRY,Sars-471,Rabbit
HERCULES,Sars-472,Rabbit
HERSHEY,Sars-473,Rabbit
HIGGINS,Sars-474,Rabbit
HOBBES,Sars-475,Rabbit
HOLLY,Sars-476,Rabbit
HOMER,Sars-477,Rabbit
HONEY,Sars-478,Rabbit
HONEY-BEAR,Sars-479,Rabbit
HOOCH,Sars-480,Rabbit
HOOVER,Sars-481,Rabbit
HOPE,Sars-482,Rabbit
HOUDINI,Sars-483,Rabbit
HOWIE,Sars-484,Rabbit
HUDSON,Sars-485,Rabbit
HUEY,Sars-486,Rabbit
HUGH,Sars-487,Rabbit
HUGO,Sars-488,Rabbit
HUMPHREY,Sars-489,Rabbit
HUNTER,Sars-490,Rabbit
INDIA,Sars-491,Rabbit
INDY,Sars-492,Rabbit
IRIS,Sars-493,Rabbit
ISABELLA,Sars-494,Rabbit
ISABELLE,Sars-495,Rabbit
ITSY,Sars-496,Rabbit
ITSY-BITSY,Sars-497,Rabbit
IVORY,Sars-498,Rabbit
IVY,Sars-499,Rabbit
IZZY,Sars-500,Rabbit
JACK,Sars-501,Rabbit
JACKIE,Sars-502,Rabbit
JACKPOT,Sars-503,Rabbit
JACKSON,Sars-504,Rabbit
JADE,Sars-505,Rabbit
JAGGER,Sars-506,Rabbit
JAGS,Sars-507,Rabbit
JAGUAR,Sars-508,Rabbit
JAKE,Sars-509,Rabbit
JAMIE,Sars-510,Rabbit
JASMINE,Sars-511,Rabbit
JASPER,Sars-512,Rabbit
JAXSON,Sars-513,Rabbit
JAZMIE,Sars-514,Rabbit
JAZZ,Sars-515,Rabbit
JELLY,Sars-516,Rabbit
JELLY-BEAN,Sars-517,Rabbit
JENNA,Sars-518,Rabbit
JENNY,Sars-519,Rabbit
JERRY,Sars-520,Rabbit
JERSEY,Sars-521,Rabbit
JESS,Sars-522,Rabbit
JESSE,Sars-523,Rabbit
JESSE JAMES,Sars-524,Rabbit
JESSIE,Sars-525,Rabbit
JESTER,Sars-526,Rabbit
JET,Sars-527,Rabbit
JETHRO,Sars-528,Rabbit
JETT,Sars-529,Rabbit
JETTA,Sars-530,Rabbit
JEWEL,Sars-531,Rabbit
JEWELS,Sars-532,Rabbit
JIMMUY,Sars-533,Rabbit
JINGLES,Sars-534,Rabbit
JJ,Sars-535,Rabbit
JOE,Sars-536,Rabbit
JOEY,Sars-537,Rabbit
JOHNNY,Sars-538,Rabbit
JOJO,Sars-539,Rabbit
JOKER,Sars-540,Rabbit
JOLIE,Sars-541,Rabbit
JOLLY,Sars-542,Rabbit
JORDAN,Sars-543,Rabbit
JOSIE,Sars-544,Rabbit
JOY,Sars-545,Rabbit
JR,Sars-546,Rabbit
JUDY,Sars-547,Rabbit
JULIUS,Sars-548,Rabbit
JUNE,Sars-549,Rabbit
JUNIOR,Sars-550,Rabbit
JUSTICE,Sars-551,Rabbit
KALI,Sars-552,Rabbit
KALLIE,Sars-553,Rabbit
KANE,Sars-554,Rabbit
KARMA,Sars-555,Rabbit
KASEY,Sars-556,Rabbit
KATIE,Sars-557,Rabbit
KATO,Sars-558,Rabbit
KATZ,Sars-559,Rabbit
KAYLA,Sars-560,Rabbit
KC,Sars-561,Rabbit
KEESHA,Sars-562,Rabbit
KELLIE,Sars-563,Rabbit
KELLY,Sars-564,Rabbit
KELSEY,Sars-565,Rabbit
KENYA,Sars-566,Rabbit
KERRY,Sars-567,Rabbit
KIBBLES,Sars-568,Rabbit
KID,Sars-569,Rabbit
KIKI,Sars-570,Rabbit
KILLIAN,Sars-571,Rabbit
KING,Sars-572,Rabbit
KIPPER,Sars-573,Rabbit
KIRA,Sars-574,Rabbit
KIRBY,Sars-575,Rabbit
KISMET,Sars-576,Rabbit
KISSY,Sars-577,Rabbit
KITTY,Sars-578,Rabbit
KIWI,Sars-579,Rabbit
KLAUS,Sars-580,Rabbit
KOBA,Sars-581,Rabbit
KOBE,Sars-582,Rabbit
KODA,Sars-583,Rabbit
KOKO,Sars-584,Rabbit
KONA,Sars-585,Rabbit
KOSMO,Sars-586,Rabbit
KOTY,Sars-587,Rabbit
KRAMER,Sars-588,Rabbit
KUJO,Sars-589,Rabbit
KURLY,Sars-590,Rabbit
KYRA,Sars-591,Rabbit
LACEY,Sars-592,Rabbit
LADDIE,Sars-593,Rabbit
LADY,Sars-594,Rabbit
LADYBUG,Sars-595,Rabbit
LANEY,Sars-596,Rabbit
LASSIE,Sars-597,Rabbit
LATTE,Sars-598,Rabbit
LAYLA,Sars-599,Rabbit
LAZARUS,Sars-600,Rabbit
LEFTY,Sars-601,Horse
LEO,Sars-602,Horse
LEVI,Sars-603,Horse
LEXI,Sars-604,Horse
LEXIE,Sars-605,Horse
LEXUS,Sars-606,Horse
LIBBY,Sars-607,Horse
LIGHTNING,Sars-608,Horse
LILI,Sars-609,Horse
LILLY,Sars-610,Horse
LILY,Sars-611,Horse
LINCOLN,Sars-612,Horse
LINUS,Sars-613,Horse
LITTLE BIT,Sars-614,Horse
LITTLE-GUY,Sars-615,Horse
LITTLE-ONE,Sars-616,Horse
LITTLE-RASCAL,Sars-617,Horse
LIZZY,Sars-618,Horse
LOGAN,Sars-619,Horse
LOKI,Sars-620,Horse
LOLA,Sars-621,Horse
LOU,Sars-622,Horse
LOUIE,Sars-623,Horse
LOUIS,Sars-624,Horse
LOVEY,Sars-625,Horse
LUCAS,Sars-626,Horse
LUCI,Sars-627,Horse
LUCIFER,Sars-628,Horse
LUCKY,Sars-629,Horse
LUCY,Sars-630,Horse
LUKE,Sars-631,Horse
LULU,Sars-632,Horse
LUNA,Sars-633,Horse
LYNX,Sars-634,Horse
MAC,Sars-635,Horse
MACHO,Sars-636,Horse
MACINTOSH,Sars-637,Horse
MACK,Sars-638,Horse
MACKENZIE,Sars-639,Horse
MACY,Sars-640,Horse
MADDIE,Sars-641,Horse
MADDY,Sars-642,Horse
MADISON,Sars-643,Horse
MAGGIE,Sars-644,Horse
MAGGIE-MAE,Sars-645,Horse
MAGGIE-MOO,Sars-646,Horse
MAGGY,Sars-647,Horse
MAGIC,Sars-648,Horse
MAGNOLIA,Sars-649,Horse
MAJOR,Sars-650,Horse
MANDI,Sars-651,Horse
MANDY,Sars-652,Horse
MANGO,Sars-653,Horse
MARBLE,Sars-654,Horse
MARIAH,Sars-655,Horse
MARLEY,Sars-656,Horse
MARY,Sars-657,Horse
MARY JANE,Sars-658,Horse
MASON,Sars-659,Horse
MATTIE,Sars-660,Horse
MAVERICK,Sars-661,Horse
MAX,Sars-662,Horse
MAXIMUS,Sars-663,Horse
MAXINE,Sars-664,Horse
MAXWELL,Sars-665,Horse
MAY,Sars-666,Horse
MAYA,Sars-667,Horse
MCDUFF,Sars-668,Horse
MCKENZIE,Sars-669,Horse
MEADOW,Sars-670,Horse
MEGAN,Sars-671,Horse
MEGGIE,Sars-672,Horse
MERCEDES,Sars-673,Horse
MERCLE,Sars-674,Horse
MERLIN,Sars-675,Horse
MIA,Sars-676,Horse
MIASY,Sars-677,Horse
MICHAEL,Sars-678,Horse
MICKEY,Sars-679,Horse
MIDNIGHT,Sars-680,Horse
MIKEY,Sars-681,Horse
MIKO,Sars-682,Horse
MILES,Sars-683,Horse
MILLER,Sars-684,Horse
MILLIE,Sars-685,Horse
MILO,Sars-686,Horse
MIMI,Sars-687,Horse
MINDY,Sars-688,Horse
MING,Sars-689,Horse
MINI,Sars-690,Horse
MINNIE,Sars-691,Horse
MISCHIEF,Sars-692,Horse
MISHA,Sars-693,Horse
MISS KITTY,Sars-694,Horse
MISS PRISS,Sars-695,Horse
MISSIE,Sars-696,Horse
MISSY,Sars-697,Horse
MISTER,Sars-698,Horse
MISTY,Sars-699,Horse
MITCH,Sars-700,Horse
MITTENS,Sars-701,Horse
MITZI,Sars-702,Horse
MITZY,Sars-703,Horse
MO,Sars-704,Horse
MOCHA,Sars-705,Horse
MOJO,Sars-706,Horse
MOLLIE,Sars-707,Horse
MOLLY,Sars-708,Horse
MONA,Sars-709,Horse
MONKEY,Sars-710,Horse
MONSTER,Sars-711,Horse
MONTANA,Sars-712,Horse
MONTGOMERY,Sars-713,Horse
MONTY,Sars-714,Horse
MOOCHER,Sars-715,Horse
MOOCHIE,Sars-716,Horse
MOOKIE,Sars-717,Horse
MOONSHINE,Sars-718,Horse
MOOSE,Sars-719,Horse
MORGAN,Sars-720,Horse
MOSES,Sars-721,Horse
MOUSE,Sars-722,Horse
MR KITTY,Sars-723,Horse
MUFFIN,Sars-724,Horse
MUFFY,Sars-725,Horse
MUGSY,Sars-726,Horse
MULLIGAN,Sars-727,Horse
MUNCHKIN,Sars-728,Horse
MURPHY,Sars-729,Horse
NAKITA,Sars-730,Horse
NALA,Sars-731,Horse
NANA,Sars-732,Horse
NAPOLEON,Sars-733,Horse
NATASHA,Sars-734,Horse
NATHAN,Sars-735,Horse
NELLIE,Sars-736,Horse
NEMO,Sars-737,Horse
NENA,Sars-738,Horse
NERO,Sars-739,Horse
NESTLE,Sars-740,Horse
NEWT,Sars-741,Horse
NEWTON,Sars-742,Horse
NIBBLES,Sars-743,Horse
NIBBY,Sars-744,Horse
NIBBY-NOSE,Sars-745,Horse
NICK,Sars-746,Horse
NICKERS,Sars-747,Horse
NICKIE,Sars-748,Horse
NICKY,Sars-749,Horse
NICO,Sars-750,Horse
NIKE,Sars-751,Horse
NIKI,Sars-752,Horse
NIKITA,Sars-753,Horse
NIKKI,Sars-754,Horse
NIKO,Sars-755,Horse
NINA,Sars-756,Horse
NITRO,Sars-757,Horse
NOBEL,Sars-758,Horse
NOEL,Sars-759,Horse
NONA,Sars-760,Horse
NOODLES,Sars-761,Horse
NORTON,Sars-762,Horse
NOSEY,Sars-763,Horse
NUGGET,Sars-764,Horse
NUTMEG,Sars-765,Horse
OAKLEY,Sars-766,Horse
OBIE,Sars-767,Horse
ODIE,Sars-768,Horse
OLD GLORY,Sars-769,Horse
OLIVE,Sars-770,Horse
OLIVER,Sars-771,Horse
OLIVIA,Sars-772,Horse
OLLIE,Sars-773,Horse
ONIE,Sars-774,Horse
ONYX,Sars-775,Horse
OPIE,Sars-776,Horse
OREO,Sars-777,Horse
OSCAR,Sars-778,Horse
OTIS,Sars-779,Horse
OTTO,Sars-780,Horse
OZ,Sars-781,Horse
OZZIE,Sars-782,Horse
OZZY,Sars-783,Horse
PABLO,Sars-784,Horse
PACO,Sars-785,Horse
PADDINGTON,Sars-786,Horse
PADDY,Sars-787,Horse
PANDA,Sars-788,Horse
PANDORA,Sars-789,Horse
PANTHER,Sars-790,Horse
PAPA,Sars-791,Horse
PARIS,Sars-792,Horse
PARKER,Sars-793,Horse
PASHA,Sars-794,Horse
PATCH,Sars-795,Horse
PATCHES,Sars-796,Horse
PATRICKY,Sars-797,Horse
PATSY,Sars-798,Horse
PATTY,Sars-799,Horse
PEACHES,Sars-800,Horse
PEANUT,Sars-801,Bird
PEANUTS,Sars-802,Bird
PEARL,Sars-803,Bird
PEBBLES,Sars-804,Bird
PEDRO,Sars-805,Bird
PENNY,Sars-806,Bird
PEPE,Sars-807,Bird
PEPPER,Sars-808,Bird
PEPPY,Sars-809,Bird
PEPSI,Sars-810,Bird
PERSY,Sars-811,Bird
PETE,Sars-812,Bird
PETER,Sars-813,Bird
PETEY,Sars-814,Bird
PETIE,Sars-815,Bird
PHANTOM,Sars-816,Bird
PHOEBE,Sars-817,Bird
PHOENIX,Sars-818,Bird
PICASSO,Sars-819,Bird
PICKLES,Sars-820,Bird
PIERRE,Sars-821,Bird
PIGGY,Sars-822,Bird
PIGLET,Sars-823,Bird
PINK PANTHER,Sars-824,Bird
PINKY,Sars-825,Bird
PINTO,Sars-826,Bird
PIPER,Sars-827,Bird
PIPPIN,Sars-828,Bird
PIPPY,Sars-829,Bird
PIP-SQUEEK,Sars-830,Bird
PIRATE,Sars-831,Bird
PIXIE,Sars-832,Bird
PLATO,Sars-833,Bird
PLUTO,Sars-834,Bird
POCKETS,Sars-835,Bird
POGO,Sars-836,Bird
POKEY,Sars-837,Bird
POLLY,Sars-838,Bird
PONCHO,Sars-839,Bird
PONGO,Sars-840,Bird
POOCH,Sars-841,Bird
POOCHIE,Sars-842,Bird
POOH,Sars-843,Bird
POOH-BEAR,Sars-844,Bird
POOKIE,Sars-845,Bird
POOKY,Sars-846,Bird
POPCORN,Sars-847,Bird
POPPY,Sars-848,Bird
PORCHE,Sars-849,Bird
PORKCHOP,Sars-850,Bird
PORKY,Sars-851,Bird
PORTER,Sars-852,Bird
POWDER,Sars-853,Bird
PRANCER,Sars-854,Bird
PRECIOUS,Sars-855,Bird
PRESLEY,Sars-856,Bird
PRETTY,Sars-857,Bird
PRETTY-GIRL,Sars-858,Bird
PRINCE,Sars-859,Bird
PRINCESS,Sars-860,Bird
PRISSY,Sars-861,Bird
PUCK,Sars-862,Bird
PUDDLES,Sars-863,Bird
PUDGE,Sars-864,Bird
PUFFY,Sars-865,Bird
PUGSLEY,Sars-866,Bird
PUMPKIN,Sars-867,Bird
PUNKIN,Sars-868,Bird
PUPPY,Sars-869,Bird
PURDY,Sars-870,Bird
QUEEN,Sars-871,Bird
QUEENIE,Sars-872,Bird
QUINCY,Sars-873,Bird
QUINN,Sars-874,Bird
RAGS,Sars-875,Bird
RAISON,Sars-876,Bird
RALPH,Sars-877,Bird
RALPHIE,Sars-878,Bird
RAMBLER,Sars-879,Bird
RAMBO,Sars-880,Bird
RANGER,Sars-881,Bird
RASCAL,Sars-882,Bird
RAVEN,Sars-883,Bird
REBEL,Sars-884,Bird
RED,Sars-885,Bird
REGGIE,Sars-886,Bird
REILLY,Sars-887,Bird
REMY,Sars-888,Bird
REX,Sars-889,Bird
REXY,Sars-890,Bird
RHETT,Sars-891,Bird
RICKY,Sars-892,Bird
RICO,Sars-893,Bird
RIGGS,Sars-894,Bird
RILEY,Sars-895,Bird
RIN TIN TIN,Sars-896,Bird
RINGO,Sars-897,Bird
RIPLEY,Sars-898,Bird
ROCCO,Sars-899,Bird
ROCK,Sars-900,Bird
ROCKET,Sars-901,Bird
ROCKO,Sars-902,Bird
ROCKY,Sars-903,Bird
ROLAND,Sars-904,Bird
ROLEX,Sars-905,Bird
ROLLIE,Sars-906,Bird
ROMAN,Sars-907,Bird
ROMEO,Sars-908,Bird
ROSA,Sars-909,Bird
ROSCOE,Sars-910,Bird
ROSEBUD,Sars-911,Bird
ROSIE,Sars-912,Bird
ROSY,Sars-913,Bird
ROVER,Sars-914,Bird
ROWDY,Sars-915,Bird
ROXANNE,Sars-916,Bird
ROXIE,Sars-917,Bird
ROXY,Sars-918,Bird
RUBY,Sars-919,Bird
RUCHUS,Sars-920,Bird
RUDY,Sars-921,Bird
RUFFE,Sars-922,Bird
RUFFER,Sars-923,Bird
RUFFLES,Sars-924,Bird
RUFUS,Sars-925,Bird
RUGER,Sars-926,Bird
RUSTY,Sars-927,Bird
RUTHIE,Sars-928,Bird
RYDER,Sars-929,Bird
SABINE,Sars-930,Bird
SABLE,Sars-931,Bird
SABRINA,Sars-932,Bird
SADIE,Sars-933,Bird
SAGE,Sars-934,Bird
SAILOR,Sars-935,Bird
SALEM,Sars-936,Bird
SALLY,Sars-937,Bird
SALTY,Sars-938,Bird
SAM,Sars-939,Bird
SAMANTHA,Sars-940,Bird
SAMMY,Sars-941,Bird
SAMPSON,Sars-942,Bird
SAMSON,Sars-943,Bird
SANDY,Sars-944,Bird
SARA,Sars-945,Bird
SARAH,Sars-946,Bird
SARGE,Sars-947,Bird
SASHA,Sars-948,Bird
SASSIE,Sars-949,Bird
SASSY,Sars-950,Bird
SAVANNAH,Sars-951,Bird
SAWYER,Sars-952,Bird
SCARLETT,Sars-953,Bird
SCHOTZIE,Sars-954,Bird
SCHULTZ,Sars-955,Bird
SCOOBIE,Sars-956,Bird
SCOOBY,Sars-957,Bird
SCOOBY-DOO,Sars-958,Bird
SCOOTER,Sars-959,Bird
SCOTTIE,Sars-960,Bird
SCOUT,Sars-961,Bird
SCRAPPY,Sars-962,Bird
SCRUFFY,Sars-963,Bird
SEBASTIAN,Sars-964,Bird
SHADOW,Sars-965,Bird
SHADY,Sars-966,Bird
SHAGGY,Sars-967,Bird
SHASTA,Sars-968,Bird
SHEBA,Sars-969,Bird
SHEENA,Sars-970,Bird
SHELBY,Sars-971,Bird
SHELLY,Sars-972,Bird
SHERMAN,Sars-973,Bird
SHILOH,Sars-974,Bird
SHINER,Sars-975,Bird
SHORTY,Sars-976,Bird
SIENNA,Sars-977,Bird
SIERRA,Sars-978,Bird
SILKY,Sars-979,Bird
SILVER,Sars-980,Bird
SILVESTER,Sars-981,Bird
SIMBA,Sars-982,Bird
SIMON,Sars-983,Bird
SIMONE,Sars-984,Bird
SISSY,Sars-985,Bird
SKEETER,Sars-986,Bird
SKINNY,Sars-987,Bird
SKIP,Sars-988,Bird
SKIPPER,Sars-989,Bird
SKIPPY,Sars-990,Bird
SKITTLES,Sars-991,Bird
SKY,Sars-992,Bird
SKYE,Sars-993,Bird
SKYLER,Sars-994,Bird
SLICK,Sars-995,Bird
SLINKY,Sars-996,Bird
SLY,Sars-997,Bird
SMARTY,Sars-998,Bird
SMOKE,Sars-999,Bird
SMOKEY,Sars-1000,Bird
